type,dataset,input_bytes,archive_bytes,compression_ratio_percent,space_saving_percent,compression_mean_ms,compression_stddev_ms,decompression_mean_ms,decompression_stddev_ms,runs
text,text_1kb,1024,1586,154.8828125,-54.8828125,22.87426333333333,0.6710550974261424,22.99839,0.8269310225789384,30
text,text_100kb,102400,67216,65.640625,34.359375,25.055236666666666,0.6694730374851103,25.33697,0.6933218196629108,30
text,text_1mb,1048576,661701,63.1047248840332,36.8952751159668,39.541803333333334,1.230531506548774,45.67863,1.3437351404535256,30
text,text_full,3119783,1940361,62.195383460965076,37.804616539034924,68.95006,1.2202043225171972,87.62042666666667,1.155707357044351,30
random,random_1kb,1024,3292,321.484375,-221.484375,23.19756,1.19297318887698,23.123696666666667,0.6558867387944636,30
random,random_100kb,102400,104718,102.263671875,-2.263671875,25.40343,1.4489145802265582,26.05103666666667,1.5039548806702792,30
random,random_1mb,1048576,1050894,100.22106170654297,-0.22106170654296875,40.13736333333333,0.7914379177008852,40.26879,0.7715985830370783,30
source_code,source_code,10942,7211,65.9020288795467,34.097971120453295,23.190343333333335,0.6431062344178655,23.587673333333335,0.7890379890917071,30
source_code,source_bit_io_cpp,1409,1286,91.27040454222853,8.729595457771467,24.08738,0.7860258815603712,24.180613333333334,1.0698755453671762,30
source_code,source_bit_io_h,754,905,120.026525198939,-20.026525198938998,23.758583333333334,2.699796273933855,23.064383333333332,0.8011505855624939,30
source_code,source_codec_cpp,4727,3457,73.13306536915591,26.866934630844085,22.9966,0.8060772334006812,23.067946666666668,0.7050638477976761,30
source_code,source_codec_h,325,546,168.0,-68.0,22.872276666666668,0.6896297265791328,23.094816666666667,0.5883463623805595,30
source_code,source_huffman_tree_cpp,2421,2012,83.10615448161917,16.89384551838083,23.284546666666667,0.8290504176396667,23.524473333333333,1.134762418680921,30
source_code,source_huffman_tree_h,921,1040,112.92073832790444,-12.920738327904445,23.553276666666665,1.1962933695329527,23.49836,0.8285105491597349,30
source_code,source_main_cpp,1311,1230,93.82151029748283,6.178489702517169,22.788283333333332,0.6276644464193035,23.09786666666667,0.6393708051176417,30
precompressed,precompressed_full,1257598,1259916,100.18431963155157,-0.18431963155157405,43.414453333333334,0.757319526576024,43.87881,0.9474831896789192,30
precompressed,precompressed_text_1kb,784,2931,373.8520408163265,-273.8520408163265,23.156246666666668,0.6090539202296676,23.315266666666666,0.7391430981482745,30
precompressed,precompressed_text_100kb,43960,46278,105.2729754322111,-5.272975432211098,24.50189333333333,0.7548531215583847,24.127793333333333,1.1423024172117542,30
precompressed,precompressed_text_1mb,427114,429432,100.54271225012526,-0.5427122501252626,30.12074,0.7684653899729037,30.586466666666666,0.9161614581891471,30
