type,dataset,run,input_bytes,archive_bytes,compression_ratio_percent,compression_ms,decompression_ms
text,text_1kb,1,1024,1586,154.8828125,22.5341,22.6571
text,text_1kb,2,1024,1586,154.8828125,22.0262,23.3683
text,text_1kb,3,1024,1586,154.8828125,22.205,23.2105
text,text_1kb,4,1024,1586,154.8828125,22.8249,23.8529
text,text_1kb,5,1024,1586,154.8828125,22.4744,22.3063
text,text_1kb,6,1024,1586,154.8828125,22.1194,22.2387
text,text_1kb,7,1024,1586,154.8828125,23.7973,21.9312
text,text_1kb,8,1024,1586,154.8828125,22.4688,23.0384
text,text_1kb,9,1024,1586,154.8828125,22.2986,23.2128
text,text_1kb,10,1024,1586,154.8828125,22.0085,22.2132
text,text_1kb,11,1024,1586,154.8828125,22.3858,21.9099
text,text_1kb,12,1024,1586,154.8828125,23.0324,22.5219
text,text_1kb,13,1024,1586,154.8828125,22.2613,22.6998
text,text_1kb,14,1024,1586,154.8828125,23.9345,22.1292
text,text_1kb,15,1024,1586,154.8828125,22.5236,22.6001
text,text_1kb,16,1024,1586,154.8828125,22.6592,24.8638
text,text_1kb,17,1024,1586,154.8828125,23.0119,22.0853
text,text_1kb,18,1024,1586,154.8828125,23.0151,24.731
text,text_1kb,19,1024,1586,154.8828125,23.7548,24.2767
text,text_1kb,20,1024,1586,154.8828125,24.2748,23.9317
text,text_1kb,21,1024,1586,154.8828125,23.2448,23.5495
text,text_1kb,22,1024,1586,154.8828125,23.0953,22.6698
text,text_1kb,23,1024,1586,154.8828125,23.3659,22.6317
text,text_1kb,24,1024,1586,154.8828125,23.155,22.21
text,text_1kb,25,1024,1586,154.8828125,24.5831,22.8546
text,text_1kb,26,1024,1586,154.8828125,22.93,22.8843
text,text_1kb,27,1024,1586,154.8828125,22.6165,24.2513
text,text_1kb,28,1024,1586,154.8828125,23.0226,23.1892
text,text_1kb,29,1024,1586,154.8828125,22.4828,23.6362
text,text_1kb,30,1024,1586,154.8828125,22.1213,22.2963
text,text_100kb,1,102400,67216,65.640625,25.3437,24.5268
text,text_100kb,2,102400,67216,65.640625,24.7939,25.5503
text,text_100kb,3,102400,67216,65.640625,24.2914,25.7563
text,text_100kb,4,102400,67216,65.640625,24.6327,26.186
text,text_100kb,5,102400,67216,65.640625,25.6549,27.3026
text,text_100kb,6,102400,67216,65.640625,24.3324,26.3379
text,text_100kb,7,102400,67216,65.640625,25.0861,24.9769
text,text_100kb,8,102400,67216,65.640625,24.8428,25.6766
text,text_100kb,9,102400,67216,65.640625,24.9071,26.0175
text,text_100kb,10,102400,67216,65.640625,23.9022,24.9631
text,text_100kb,11,102400,67216,65.640625,24.7549,24.9788
text,text_100kb,12,102400,67216,65.640625,26.7975,26.7295
text,text_100kb,13,102400,67216,65.640625,26.3355,25.6439
text,text_100kb,14,102400,67216,65.640625,24.7515,25.0997
text,text_100kb,15,102400,67216,65.640625,26.3049,24.269
text,text_100kb,16,102400,67216,65.640625,24.1595,25.5171
text,text_100kb,17,102400,67216,65.640625,24.6453,24.9109
text,text_100kb,18,102400,67216,65.640625,24.7876,24.9025
text,text_100kb,19,102400,67216,65.640625,24.4568,25.9702
text,text_100kb,20,102400,67216,65.640625,25.4493,25.5091
text,text_100kb,21,102400,67216,65.640625,26.0784,24.8441
text,text_100kb,22,102400,67216,65.640625,25.1382,25.4541
text,text_100kb,23,102400,67216,65.640625,24.597,25.0487
text,text_100kb,24,102400,67216,65.640625,25.31,24.9833
text,text_100kb,25,102400,67216,65.640625,25.1932,24.6508
text,text_100kb,26,102400,67216,65.640625,25.2125,24.9678
text,text_100kb,27,102400,67216,65.640625,24.832,24.8443
text,text_100kb,28,102400,67216,65.640625,25.5253,24.4567
text,text_100kb,29,102400,67216,65.640625,24.6589,24.7505
text,text_100kb,30,102400,67216,65.640625,24.8816,25.2841
text,text_1mb,1,1048576,661701,63.1047248840332,38.3084,45.1508
text,text_1mb,2,1048576,661701,63.1047248840332,38.7057,44.9032
text,text_1mb,3,1048576,661701,63.1047248840332,39.3811,44.8527
text,text_1mb,4,1048576,661701,63.1047248840332,38.9907,45.1148
text,text_1mb,5,1048576,661701,63.1047248840332,43.2841,45.0605
text,text_1mb,6,1048576,661701,63.1047248840332,38.373,46.1163
text,text_1mb,7,1048576,661701,63.1047248840332,38.1495,44.663
text,text_1mb,8,1048576,661701,63.1047248840332,39.7481,48.1268
text,text_1mb,9,1048576,661701,63.1047248840332,41.5225,47.7186
text,text_1mb,10,1048576,661701,63.1047248840332,39.4705,44.3164
text,text_1mb,11,1048576,661701,63.1047248840332,40.5026,44.9048
text,text_1mb,12,1048576,661701,63.1047248840332,39.2237,45.1797
text,text_1mb,13,1048576,661701,63.1047248840332,41.1201,48.0212
text,text_1mb,14,1048576,661701,63.1047248840332,40.6862,48.3117
text,text_1mb,15,1048576,661701,63.1047248840332,40.8809,45.7201
text,text_1mb,16,1048576,661701,63.1047248840332,37.738,44.3029
text,text_1mb,17,1048576,661701,63.1047248840332,39.0991,45.0309
text,text_1mb,18,1048576,661701,63.1047248840332,40.1908,44.3269
text,text_1mb,19,1048576,661701,63.1047248840332,39.0965,46.032
text,text_1mb,20,1048576,661701,63.1047248840332,39.2538,47.9452
text,text_1mb,21,1048576,661701,63.1047248840332,38.1433,45.2598
text,text_1mb,22,1048576,661701,63.1047248840332,41.07,46.7748
text,text_1mb,23,1048576,661701,63.1047248840332,38.7612,47.5153
text,text_1mb,24,1048576,661701,63.1047248840332,40.3329,45.8898
text,text_1mb,25,1048576,661701,63.1047248840332,39.9687,45.2925
text,text_1mb,26,1048576,661701,63.1047248840332,39.6933,44.5992
text,text_1mb,27,1048576,661701,63.1047248840332,38.5262,46.6091
text,text_1mb,28,1048576,661701,63.1047248840332,38.3269,44.8613
text,text_1mb,29,1048576,661701,63.1047248840332,39.1023,44.076
text,text_1mb,30,1048576,661701,63.1047248840332,38.604,43.6826
text,text_full,1,3119783,1940361,62.195383460965076,69.5966,90.0719
text,text_full,2,3119783,1940361,62.195383460965076,72.1133,87.9
text,text_full,3,3119783,1940361,62.195383460965076,68.34,88.232
text,text_full,4,3119783,1940361,62.195383460965076,66.7263,87.1621
text,text_full,5,3119783,1940361,62.195383460965076,69.8336,88.3799
text,text_full,6,3119783,1940361,62.195383460965076,68.6545,88.2941
text,text_full,7,3119783,1940361,62.195383460965076,69.975,89.0121
text,text_full,8,3119783,1940361,62.195383460965076,69.6249,87.8913
text,text_full,9,3119783,1940361,62.195383460965076,68.6402,87.4955
text,text_full,10,3119783,1940361,62.195383460965076,67.9154,86.5041
text,text_full,11,3119783,1940361,62.195383460965076,71.7632,87.1532
text,text_full,12,3119783,1940361,62.195383460965076,69.0868,87.8255
text,text_full,13,3119783,1940361,62.195383460965076,68.9714,88.5407
text,text_full,14,3119783,1940361,62.195383460965076,70.83,85.8864
text,text_full,15,3119783,1940361,62.195383460965076,69.35,87.6612
text,text_full,16,3119783,1940361,62.195383460965076,67.8554,86.8944
text,text_full,17,3119783,1940361,62.195383460965076,67.7623,85.4131
text,text_full,18,3119783,1940361,62.195383460965076,67.9875,87.4531
text,text_full,19,3119783,1940361,62.195383460965076,68.8961,86.6279
text,text_full,20,3119783,1940361,62.195383460965076,70.9665,87.2749
text,text_full,21,3119783,1940361,62.195383460965076,67.9808,87.789
text,text_full,22,3119783,1940361,62.195383460965076,68.367,86.3217
text,text_full,23,3119783,1940361,62.195383460965076,68.6588,88.0624
text,text_full,24,3119783,1940361,62.195383460965076,68.5816,88.1187
text,text_full,25,3119783,1940361,62.195383460965076,67.8662,87.8496
text,text_full,26,3119783,1940361,62.195383460965076,68.197,90.6372
text,text_full,27,3119783,1940361,62.195383460965076,68.8678,88.8599
text,text_full,28,3119783,1940361,62.195383460965076,68.7905,86.3499
text,text_full,29,3119783,1940361,62.195383460965076,68.3917,86.3582
text,text_full,30,3119783,1940361,62.195383460965076,67.9114,86.5928
random,random_1kb,1,1024,3292,321.484375,22.5214,23.9874
random,random_1kb,2,1024,3292,321.484375,22.7943,22.8967
random,random_1kb,3,1024,3292,321.484375,23.6507,22.3567
random,random_1kb,4,1024,3292,321.484375,23.6635,22.3072
random,random_1kb,5,1024,3292,321.484375,22.4628,23.5183
random,random_1kb,6,1024,3292,321.484375,22.6898,22.6645
random,random_1kb,7,1024,3292,321.484375,22.4139,23.4011
random,random_1kb,8,1024,3292,321.484375,23.7941,23.2618
random,random_1kb,9,1024,3292,321.484375,22.6177,23.6597
random,random_1kb,10,1024,3292,321.484375,23.2215,23.4372
random,random_1kb,11,1024,3292,321.484375,22.9454,22.5758
random,random_1kb,12,1024,3292,321.484375,22.8464,22.844
random,random_1kb,13,1024,3292,321.484375,23.1057,22.9959
random,random_1kb,14,1024,3292,321.484375,23.6231,24.5167
random,random_1kb,15,1024,3292,321.484375,24.6369,22.0598
random,random_1kb,16,1024,3292,321.484375,22.7185,23.7812
random,random_1kb,17,1024,3292,321.484375,28.3307,22.4992
random,random_1kb,18,1024,3292,321.484375,22.6348,22.2771
random,random_1kb,19,1024,3292,321.484375,23.0806,23.8927
random,random_1kb,20,1024,3292,321.484375,23.2288,23.1641
random,random_1kb,21,1024,3292,321.484375,22.5752,23.0494
random,random_1kb,22,1024,3292,321.484375,23.1214,23.6116
random,random_1kb,23,1024,3292,321.484375,22.6822,22.2224
random,random_1kb,24,1024,3292,321.484375,24.8845,23.293
random,random_1kb,25,1024,3292,321.484375,22.1622,22.1699
random,random_1kb,26,1024,3292,321.484375,24.0022,23.4558
random,random_1kb,27,1024,3292,321.484375,22.5533,22.96
random,random_1kb,28,1024,3292,321.484375,22.0606,24.2472
random,random_1kb,29,1024,3292,321.484375,23.0544,23.8113
random,random_1kb,30,1024,3292,321.484375,21.8502,22.7932
random,random_100kb,1,102400,104718,102.263671875,24.3146,26.1833
random,random_100kb,2,102400,104718,102.263671875,24.8904,25.5437
random,random_100kb,3,102400,104718,102.263671875,23.8123,26.0363
random,random_100kb,4,102400,104718,102.263671875,24.7142,24.5912
random,random_100kb,5,102400,104718,102.263671875,24.5455,24.6443
random,random_100kb,6,102400,104718,102.263671875,25.0358,24.8924
random,random_100kb,7,102400,104718,102.263671875,24.8766,27.0785
random,random_100kb,8,102400,104718,102.263671875,25.2148,25.3631
random,random_100kb,9,102400,104718,102.263671875,24.2402,26.6081
random,random_100kb,10,102400,104718,102.263671875,25.0678,24.1286
random,random_100kb,11,102400,104718,102.263671875,27.854,29.2842
random,random_100kb,12,102400,104718,102.263671875,25.4055,26.6491
random,random_100kb,13,102400,104718,102.263671875,28.9841,27.0568
random,random_100kb,14,102400,104718,102.263671875,26.5684,28.6103
random,random_100kb,15,102400,104718,102.263671875,29.435,30.7252
random,random_100kb,16,102400,104718,102.263671875,26.4946,25.7236
random,random_100kb,17,102400,104718,102.263671875,24.4751,24.4207
random,random_100kb,18,102400,104718,102.263671875,24.3331,25.6248
random,random_100kb,19,102400,104718,102.263671875,24.6818,25.7489
random,random_100kb,20,102400,104718,102.263671875,24.5203,25.2707
random,random_100kb,21,102400,104718,102.263671875,24.1703,25.274
random,random_100kb,22,102400,104718,102.263671875,25.526,25.6349
random,random_100kb,23,102400,104718,102.263671875,24.4252,24.6567
random,random_100kb,24,102400,104718,102.263671875,24.5846,27.3974
random,random_100kb,25,102400,104718,102.263671875,24.7318,25.0958
random,random_100kb,26,102400,104718,102.263671875,26.9755,26.1497
random,random_100kb,27,102400,104718,102.263671875,24.217,27.1064
random,random_100kb,28,102400,104718,102.263671875,24.3657,26.3715
random,random_100kb,29,102400,104718,102.263671875,26.4687,24.1931
random,random_100kb,30,102400,104718,102.263671875,27.174,25.4678
random,random_1mb,1,1048576,1050894,100.22106170654297,42.5563,39.5864
random,random_1mb,2,1048576,1050894,100.22106170654297,40.1703,39.8781
random,random_1mb,3,1048576,1050894,100.22106170654297,40.5285,40.5444
random,random_1mb,4,1048576,1050894,100.22106170654297,39.0896,40.881
random,random_1mb,5,1048576,1050894,100.22106170654297,39.8465,39.6798
random,random_1mb,6,1048576,1050894,100.22106170654297,40.4118,39.7074
random,random_1mb,7,1048576,1050894,100.22106170654297,41.3381,40.1894
random,random_1mb,8,1048576,1050894,100.22106170654297,40.3355,42.1194
random,random_1mb,9,1048576,1050894,100.22106170654297,40.2433,39.9516
random,random_1mb,10,1048576,1050894,100.22106170654297,39.068,40.8901
random,random_1mb,11,1048576,1050894,100.22106170654297,39.4812,40.3997
random,random_1mb,12,1048576,1050894,100.22106170654297,40.4354,40.5685
random,random_1mb,13,1048576,1050894,100.22106170654297,40.3527,40.9693
random,random_1mb,14,1048576,1050894,100.22106170654297,41.0491,40.1869
random,random_1mb,15,1048576,1050894,100.22106170654297,39.5039,39.8736
random,random_1mb,16,1048576,1050894,100.22106170654297,39.5235,39.9183
random,random_1mb,17,1048576,1050894,100.22106170654297,39.835,39.2573
random,random_1mb,18,1048576,1050894,100.22106170654297,41.0925,39.5383
random,random_1mb,19,1048576,1050894,100.22106170654297,40.5218,39.6498
random,random_1mb,20,1048576,1050894,100.22106170654297,39.9641,41.0533
random,random_1mb,21,1048576,1050894,100.22106170654297,39.0257,41.4771
random,random_1mb,22,1048576,1050894,100.22106170654297,39.5066,39.6396
random,random_1mb,23,1048576,1050894,100.22106170654297,40.797,39.1726
random,random_1mb,24,1048576,1050894,100.22106170654297,40.2701,39.0533
random,random_1mb,25,1048576,1050894,100.22106170654297,40.7203,40.6412
random,random_1mb,26,1048576,1050894,100.22106170654297,39.5603,40.6842
random,random_1mb,27,1048576,1050894,100.22106170654297,39.6026,39.2594
random,random_1mb,28,1048576,1050894,100.22106170654297,39.9773,40.8943
random,random_1mb,29,1048576,1050894,100.22106170654297,40.4867,40.8927
random,random_1mb,30,1048576,1050894,100.22106170654297,38.8272,41.5067
source_code,source_code,1,10942,7211,65.9020288795467,23.0608,22.4102
source_code,source_code,2,10942,7211,65.9020288795467,22.8877,22.8549
source_code,source_code,3,10942,7211,65.9020288795467,22.6961,23.9141
source_code,source_code,4,10942,7211,65.9020288795467,24.1537,23.7015
source_code,source_code,5,10942,7211,65.9020288795467,23.6479,25.1455
source_code,source_code,6,10942,7211,65.9020288795467,24.3105,23.2168
source_code,source_code,7,10942,7211,65.9020288795467,22.6136,23.9065
source_code,source_code,8,10942,7211,65.9020288795467,22.5272,23.5131
source_code,source_code,9,10942,7211,65.9020288795467,22.7614,23.6963
source_code,source_code,10,10942,7211,65.9020288795467,24.2114,22.342
source_code,source_code,11,10942,7211,65.9020288795467,22.6802,24.6836
source_code,source_code,12,10942,7211,65.9020288795467,23.1657,23.4029
source_code,source_code,13,10942,7211,65.9020288795467,22.5094,23.6458
source_code,source_code,14,10942,7211,65.9020288795467,23.2864,23.6091
source_code,source_code,15,10942,7211,65.9020288795467,22.7806,24.5165
source_code,source_code,16,10942,7211,65.9020288795467,23.7652,22.674
source_code,source_code,17,10942,7211,65.9020288795467,24.0324,24.0452
source_code,source_code,18,10942,7211,65.9020288795467,23.2449,23.4272
source_code,source_code,19,10942,7211,65.9020288795467,22.4876,23.512
source_code,source_code,20,10942,7211,65.9020288795467,23.8083,22.1389
source_code,source_code,21,10942,7211,65.9020288795467,22.5523,25.0295
source_code,source_code,22,10942,7211,65.9020288795467,22.9153,22.989
source_code,source_code,23,10942,7211,65.9020288795467,22.9893,22.7997
source_code,source_code,24,10942,7211,65.9020288795467,22.4554,24.2163
source_code,source_code,25,10942,7211,65.9020288795467,22.0982,23.3752
source_code,source_code,26,10942,7211,65.9020288795467,24.014,24.5023
source_code,source_code,27,10942,7211,65.9020288795467,22.7723,23.0451
source_code,source_code,28,10942,7211,65.9020288795467,23.9768,23.4076
source_code,source_code,29,10942,7211,65.9020288795467,23.2822,24.8405
source_code,source_code,30,10942,7211,65.9020288795467,24.0235,23.0689
source_code,source_bit_io_cpp,1,1409,1286,91.27040454222853,23.5029,24.6525
source_code,source_bit_io_cpp,2,1409,1286,91.27040454222853,23.3593,22.6107
source_code,source_bit_io_cpp,3,1409,1286,91.27040454222853,24.4902,24.1385
source_code,source_bit_io_cpp,4,1409,1286,91.27040454222853,23.7938,24.5622
source_code,source_bit_io_cpp,5,1409,1286,91.27040454222853,25.0345,23.7655
source_code,source_bit_io_cpp,6,1409,1286,91.27040454222853,24.513,22.7453
source_code,source_bit_io_cpp,7,1409,1286,91.27040454222853,24.307,26.0881
source_code,source_bit_io_cpp,8,1409,1286,91.27040454222853,24.4203,25.5276
source_code,source_bit_io_cpp,9,1409,1286,91.27040454222853,23.799,25.1113
source_code,source_bit_io_cpp,10,1409,1286,91.27040454222853,24.7643,25.2027
source_code,source_bit_io_cpp,11,1409,1286,91.27040454222853,24.4968,25.7237
source_code,source_bit_io_cpp,12,1409,1286,91.27040454222853,23.8251,23.949
source_code,source_bit_io_cpp,13,1409,1286,91.27040454222853,24.9808,25.774
source_code,source_bit_io_cpp,14,1409,1286,91.27040454222853,25.3551,22.7954
source_code,source_bit_io_cpp,15,1409,1286,91.27040454222853,23.3701,23.6928
source_code,source_bit_io_cpp,16,1409,1286,91.27040454222853,24.3885,25.0546
source_code,source_bit_io_cpp,17,1409,1286,91.27040454222853,22.6865,22.817
source_code,source_bit_io_cpp,18,1409,1286,91.27040454222853,23.6863,24.4816
source_code,source_bit_io_cpp,19,1409,1286,91.27040454222853,23.2579,23.2053
source_code,source_bit_io_cpp,20,1409,1286,91.27040454222853,25.2298,23.7588
source_code,source_bit_io_cpp,21,1409,1286,91.27040454222853,24.2736,22.7068
source_code,source_bit_io_cpp,22,1409,1286,91.27040454222853,23.5088,24.8786
source_code,source_bit_io_cpp,23,1409,1286,91.27040454222853,24.4076,22.8099
source_code,source_bit_io_cpp,24,1409,1286,91.27040454222853,23.6715,24.0688
source_code,source_bit_io_cpp,25,1409,1286,91.27040454222853,24.8653,25.8883
source_code,source_bit_io_cpp,26,1409,1286,91.27040454222853,23.8958,23.7736
source_code,source_bit_io_cpp,27,1409,1286,91.27040454222853,25.5976,24.2767
source_code,source_bit_io_cpp,28,1409,1286,91.27040454222853,23.4905,24.8431
source_code,source_bit_io_cpp,29,1409,1286,91.27040454222853,22.3038,23.3171
source_code,source_bit_io_cpp,30,1409,1286,91.27040454222853,23.3457,23.1989
source_code,source_bit_io_h,1,754,905,120.026525198939,24.0218,22.5443
source_code,source_bit_io_h,2,754,905,120.026525198939,23.6313,24.3439
source_code,source_bit_io_h,3,754,905,120.026525198939,24.5839,22.2173
source_code,source_bit_io_h,4,754,905,120.026525198939,25.296,23.2718
source_code,source_bit_io_h,5,754,905,120.026525198939,22.0921,21.9547
source_code,source_bit_io_h,6,754,905,120.026525198939,22.6838,23.3637
source_code,source_bit_io_h,7,754,905,120.026525198939,23.6865,22.3602
source_code,source_bit_io_h,8,754,905,120.026525198939,24.09,23.5819
source_code,source_bit_io_h,9,754,905,120.026525198939,23.3132,22.7862
source_code,source_bit_io_h,10,754,905,120.026525198939,23.2784,22.4691
source_code,source_bit_io_h,11,754,905,120.026525198939,22.822,23.5609
source_code,source_bit_io_h,12,754,905,120.026525198939,22.7113,23.6543
source_code,source_bit_io_h,13,754,905,120.026525198939,23.5966,21.979
source_code,source_bit_io_h,14,754,905,120.026525198939,22.5413,23.6761
source_code,source_bit_io_h,15,754,905,120.026525198939,22.1096,22.2757
source_code,source_bit_io_h,16,754,905,120.026525198939,22.7507,23.3602
source_code,source_bit_io_h,17,754,905,120.026525198939,23.2444,23.448
source_code,source_bit_io_h,18,754,905,120.026525198939,22.7655,23.136
source_code,source_bit_io_h,19,754,905,120.026525198939,37.3703,24.5383
source_code,source_bit_io_h,20,754,905,120.026525198939,22.6224,22.3523
source_code,source_bit_io_h,21,754,905,120.026525198939,22.7478,23.8143
source_code,source_bit_io_h,22,754,905,120.026525198939,23.7319,24.5011
source_code,source_bit_io_h,23,754,905,120.026525198939,22.0905,23.1903
source_code,source_bit_io_h,24,754,905,120.026525198939,24.3023,23.4011
source_code,source_bit_io_h,25,754,905,120.026525198939,24.9447,23.9554
source_code,source_bit_io_h,26,754,905,120.026525198939,23.0005,22.7682
source_code,source_bit_io_h,27,754,905,120.026525198939,22.791,22.4948
source_code,source_bit_io_h,28,754,905,120.026525198939,24.0783,21.7198
source_code,source_bit_io_h,29,754,905,120.026525198939,23.2758,21.7256
source_code,source_bit_io_h,30,754,905,120.026525198939,22.5836,23.487
source_code,source_codec_cpp,1,4727,3457,73.13306536915591,22.5615,24.4335
source_code,source_codec_cpp,2,4727,3457,73.13306536915591,22.4216,22.1576
source_code,source_codec_cpp,3,4727,3457,73.13306536915591,22.6143,23.6464
source_code,source_codec_cpp,4,4727,3457,73.13306536915591,23.6902,22.8811
source_code,source_codec_cpp,5,4727,3457,73.13306536915591,23.6289,22.4367
source_code,source_codec_cpp,6,4727,3457,73.13306536915591,23.8052,22.1377
source_code,source_codec_cpp,7,4727,3457,73.13306536915591,23.2455,23.5653
source_code,source_codec_cpp,8,4727,3457,73.13306536915591,22.0051,24.2226
source_code,source_codec_cpp,9,4727,3457,73.13306536915591,23.3093,22.6971
source_code,source_codec_cpp,10,4727,3457,73.13306536915591,22.1899,23.6395
source_code,source_codec_cpp,11,4727,3457,73.13306536915591,24.0663,22.6736
source_code,source_codec_cpp,12,4727,3457,73.13306536915591,22.6499,22.1467
source_code,source_codec_cpp,13,4727,3457,73.13306536915591,22.5399,22.9277
source_code,source_codec_cpp,14,4727,3457,73.13306536915591,22.3615,22.5691
source_code,source_codec_cpp,15,4727,3457,73.13306536915591,23.4123,22.3639
source_code,source_codec_cpp,16,4727,3457,73.13306536915591,23.1528,23.8249
source_code,source_codec_cpp,17,4727,3457,73.13306536915591,23.593,23.0289
source_code,source_codec_cpp,18,4727,3457,73.13306536915591,23.0356,22.9133
source_code,source_codec_cpp,19,4727,3457,73.13306536915591,22.0421,22.7646
source_code,source_codec_cpp,20,4727,3457,73.13306536915591,22.6528,22.532
source_code,source_codec_cpp,21,4727,3457,73.13306536915591,23.5353,23.0846
source_code,source_codec_cpp,22,4727,3457,73.13306536915591,24.6603,22.8393
source_code,source_codec_cpp,23,4727,3457,73.13306536915591,24.9562,23.4735
source_code,source_codec_cpp,24,4727,3457,73.13306536915591,22.3783,22.3682
source_code,source_codec_cpp,25,4727,3457,73.13306536915591,22.4954,23.0477
source_code,source_codec_cpp,26,4727,3457,73.13306536915591,24.0081,22.4877
source_code,source_codec_cpp,27,4727,3457,73.13306536915591,22.2321,22.9714
source_code,source_codec_cpp,28,4727,3457,73.13306536915591,21.9028,24.9544
source_code,source_codec_cpp,29,4727,3457,73.13306536915591,22.7517,23.4418
source_code,source_codec_cpp,30,4727,3457,73.13306536915591,22.0001,23.8076
source_code,source_codec_h,1,325,546,168.0,22.4304,23.1889
source_code,source_codec_h,2,325,546,168.0,23.2022,21.941
source_code,source_codec_h,3,325,546,168.0,23.5842,22.7313
source_code,source_codec_h,4,325,546,168.0,23.1765,22.7199
source_code,source_codec_h,5,325,546,168.0,22.2938,23.006
source_code,source_codec_h,6,325,546,168.0,22.2864,23.5592
source_code,source_codec_h,7,325,546,168.0,22.6329,22.3464
source_code,source_codec_h,8,325,546,168.0,22.2715,23.9793
source_code,source_codec_h,9,325,546,168.0,23.1067,22.8228
source_code,source_codec_h,10,325,546,168.0,22.9843,22.6273
source_code,source_codec_h,11,325,546,168.0,23.4573,23.72
source_code,source_codec_h,12,325,546,168.0,22.7871,23.2466
source_code,source_codec_h,13,325,546,168.0,24.4648,23.3049
source_code,source_codec_h,14,325,546,168.0,22.2379,23.1262
source_code,source_codec_h,15,325,546,168.0,24.1807,22.9325
source_code,source_codec_h,16,325,546,168.0,22.518,22.4733
source_code,source_codec_h,17,325,546,168.0,22.7879,22.8469
source_code,source_codec_h,18,325,546,168.0,23.4085,23.4623
source_code,source_codec_h,19,325,546,168.0,22.4253,23.6496
source_code,source_codec_h,20,325,546,168.0,22.3106,23.3075
source_code,source_codec_h,21,325,546,168.0,21.8631,22.84
source_code,source_codec_h,22,325,546,168.0,22.753,23.2765
source_code,source_codec_h,23,325,546,168.0,22.1113,22.864
source_code,source_codec_h,24,325,546,168.0,24.689,22.3351
source_code,source_codec_h,25,325,546,168.0,22.7786,22.4778
source_code,source_codec_h,26,325,546,168.0,23.0112,24.8964
source_code,source_codec_h,27,325,546,168.0,22.7119,23.8816
source_code,source_codec_h,28,325,546,168.0,23.1706,23.3527
source_code,source_codec_h,29,325,546,168.0,22.2713,23.1532
source_code,source_codec_h,30,325,546,168.0,22.2613,22.7753
source_code,source_huffman_tree_cpp,1,2421,2012,83.10615448161917,22.5228,23.341
source_code,source_huffman_tree_cpp,2,2421,2012,83.10615448161917,23.2272,22.0377
source_code,source_huffman_tree_cpp,3,2421,2012,83.10615448161917,22.5498,24.1775
source_code,source_huffman_tree_cpp,4,2421,2012,83.10615448161917,23.7757,23.5574
source_code,source_huffman_tree_cpp,5,2421,2012,83.10615448161917,22.6342,22.5469
source_code,source_huffman_tree_cpp,6,2421,2012,83.10615448161917,23.185,23.8695
source_code,source_huffman_tree_cpp,7,2421,2012,83.10615448161917,22.7245,22.9111
source_code,source_huffman_tree_cpp,8,2421,2012,83.10615448161917,22.5642,22.6884
source_code,source_huffman_tree_cpp,9,2421,2012,83.10615448161917,23.6347,22.3306
source_code,source_huffman_tree_cpp,10,2421,2012,83.10615448161917,22.2222,22.345
source_code,source_huffman_tree_cpp,11,2421,2012,83.10615448161917,23.4515,24.0627
source_code,source_huffman_tree_cpp,12,2421,2012,83.10615448161917,23.6627,23.0647
source_code,source_huffman_tree_cpp,13,2421,2012,83.10615448161917,25.8713,23.7532
source_code,source_huffman_tree_cpp,14,2421,2012,83.10615448161917,22.8718,22.9649
source_code,source_huffman_tree_cpp,15,2421,2012,83.10615448161917,23.1559,24.8147
source_code,source_huffman_tree_cpp,16,2421,2012,83.10615448161917,23.3322,23.7049
source_code,source_huffman_tree_cpp,17,2421,2012,83.10615448161917,24.1104,23.2709
source_code,source_huffman_tree_cpp,18,2421,2012,83.10615448161917,23.1581,22.5399
source_code,source_huffman_tree_cpp,19,2421,2012,83.10615448161917,22.6606,25.0758
source_code,source_huffman_tree_cpp,20,2421,2012,83.10615448161917,23.6823,23.2444
source_code,source_huffman_tree_cpp,21,2421,2012,83.10615448161917,22.4718,23.3537
source_code,source_huffman_tree_cpp,22,2421,2012,83.10615448161917,24.8916,23.7764
source_code,source_huffman_tree_cpp,23,2421,2012,83.10615448161917,23.2113,21.2234
source_code,source_huffman_tree_cpp,24,2421,2012,83.10615448161917,24.0389,24.5193
source_code,source_huffman_tree_cpp,25,2421,2012,83.10615448161917,21.9941,27.3007
source_code,source_huffman_tree_cpp,26,2421,2012,83.10615448161917,23.0423,24.7884
source_code,source_huffman_tree_cpp,27,2421,2012,83.10615448161917,24.362,24.3983
source_code,source_huffman_tree_cpp,28,2421,2012,83.10615448161917,22.4659,23.1955
source_code,source_huffman_tree_cpp,29,2421,2012,83.10615448161917,23.1698,22.9381
source_code,source_huffman_tree_cpp,30,2421,2012,83.10615448161917,23.8916,23.9392
source_code,source_huffman_tree_h,1,921,1040,112.92073832790444,24.739,24.1109
source_code,source_huffman_tree_h,2,921,1040,112.92073832790444,24.0879,25.1603
source_code,source_huffman_tree_h,3,921,1040,112.92073832790444,26.3156,25.3091
source_code,source_huffman_tree_h,4,921,1040,112.92073832790444,25.4147,23.602
source_code,source_huffman_tree_h,5,921,1040,112.92073832790444,24.2061,23.6061
source_code,source_huffman_tree_h,6,921,1040,112.92073832790444,25.2951,23.959
source_code,source_huffman_tree_h,7,921,1040,112.92073832790444,23.8973,23.2246
source_code,source_huffman_tree_h,8,921,1040,112.92073832790444,24.5521,25.1878
source_code,source_huffman_tree_h,9,921,1040,112.92073832790444,24.8673,22.8843
source_code,source_huffman_tree_h,10,921,1040,112.92073832790444,22.6394,24.1651
source_code,source_huffman_tree_h,11,921,1040,112.92073832790444,23.6641,22.6043
source_code,source_huffman_tree_h,12,921,1040,112.92073832790444,22.4023,23.2159
source_code,source_huffman_tree_h,13,921,1040,112.92073832790444,22.0014,23.3353
source_code,source_huffman_tree_h,14,921,1040,112.92073832790444,23.6768,24.4325
source_code,source_huffman_tree_h,15,921,1040,112.92073832790444,22.6828,22.8751
source_code,source_huffman_tree_h,16,921,1040,112.92073832790444,22.6904,22.9115
source_code,source_huffman_tree_h,17,921,1040,112.92073832790444,25.1606,22.6076
source_code,source_huffman_tree_h,18,921,1040,112.92073832790444,23.2988,23.2954
source_code,source_huffman_tree_h,19,921,1040,112.92073832790444,23.536,23.7673
source_code,source_huffman_tree_h,20,921,1040,112.92073832790444,22.6796,23.2271
source_code,source_huffman_tree_h,21,921,1040,112.92073832790444,24.6934,23.8834
source_code,source_huffman_tree_h,22,921,1040,112.92073832790444,22.2008,23.474
source_code,source_huffman_tree_h,23,921,1040,112.92073832790444,23.5865,22.8163
source_code,source_huffman_tree_h,24,921,1040,112.92073832790444,22.131,22.3405
source_code,source_huffman_tree_h,25,921,1040,112.92073832790444,21.9369,24.3477
source_code,source_huffman_tree_h,26,921,1040,112.92073832790444,23.2671,23.1568
source_code,source_huffman_tree_h,27,921,1040,112.92073832790444,21.6567,23.4602
source_code,source_huffman_tree_h,28,921,1040,112.92073832790444,23.8554,23.4478
source_code,source_huffman_tree_h,29,921,1040,112.92073832790444,22.641,21.9505
source_code,source_huffman_tree_h,30,921,1040,112.92073832790444,22.8222,22.5924
source_code,source_main_cpp,1,1311,1230,93.82151029748283,23.0557,24.0158
source_code,source_main_cpp,2,1311,1230,93.82151029748283,22.5025,22.559
source_code,source_main_cpp,3,1311,1230,93.82151029748283,22.3252,23.7246
source_code,source_main_cpp,4,1311,1230,93.82151029748283,22.6214,22.9963
source_code,source_main_cpp,5,1311,1230,93.82151029748283,22.4002,22.7304
source_code,source_main_cpp,6,1311,1230,93.82151029748283,23.4409,23.2614
source_code,source_main_cpp,7,1311,1230,93.82151029748283,22.7721,22.3207
source_code,source_main_cpp,8,1311,1230,93.82151029748283,22.8648,22.2284
source_code,source_main_cpp,9,1311,1230,93.82151029748283,23.7403,22.6968
source_code,source_main_cpp,10,1311,1230,93.82151029748283,22.9781,23.5426
source_code,source_main_cpp,11,1311,1230,93.82151029748283,22.5121,23.029
source_code,source_main_cpp,12,1311,1230,93.82151029748283,22.1056,23.4878
source_code,source_main_cpp,13,1311,1230,93.82151029748283,23.0087,23.7877
source_code,source_main_cpp,14,1311,1230,93.82151029748283,22.1828,24.291
source_code,source_main_cpp,15,1311,1230,93.82151029748283,22.5492,22.0666
source_code,source_main_cpp,16,1311,1230,93.82151029748283,22.2258,23.1343
source_code,source_main_cpp,17,1311,1230,93.82151029748283,23.6595,22.9162
source_code,source_main_cpp,18,1311,1230,93.82151029748283,23.1449,24.3249
source_code,source_main_cpp,19,1311,1230,93.82151029748283,23.6074,22.6461
source_code,source_main_cpp,20,1311,1230,93.82151029748283,22.0315,22.8891
source_code,source_main_cpp,21,1311,1230,93.82151029748283,21.6708,23.715
source_code,source_main_cpp,22,1311,1230,93.82151029748283,21.8906,23.32
source_code,source_main_cpp,23,1311,1230,93.82151029748283,23.7671,23.5913
source_code,source_main_cpp,24,1311,1230,93.82151029748283,23.7771,22.7189
source_code,source_main_cpp,25,1311,1230,93.82151029748283,22.2908,22.8526
source_code,source_main_cpp,26,1311,1230,93.82151029748283,23.2627,22.1191
source_code,source_main_cpp,27,1311,1230,93.82151029748283,22.4363,21.9139
source_code,source_main_cpp,28,1311,1230,93.82151029748283,23.8394,23.5507
source_code,source_main_cpp,29,1311,1230,93.82151029748283,22.1952,23.1099
source_code,source_main_cpp,30,1311,1230,93.82151029748283,22.7898,23.3959
precompressed,precompressed_full,1,1257598,1259916,100.18431963155157,44.1312,45.0331
precompressed,precompressed_full,2,1257598,1259916,100.18431963155157,44.8681,44.3671
precompressed,precompressed_full,3,1257598,1259916,100.18431963155157,43.8353,43.7307
precompressed,precompressed_full,4,1257598,1259916,100.18431963155157,42.0014,43.1096
precompressed,precompressed_full,5,1257598,1259916,100.18431963155157,43.3284,44.3846
precompressed,precompressed_full,6,1257598,1259916,100.18431963155157,45.1911,43.7342
precompressed,precompressed_full,7,1257598,1259916,100.18431963155157,42.2623,43.6416
precompressed,precompressed_full,8,1257598,1259916,100.18431963155157,42.9009,44.143
precompressed,precompressed_full,9,1257598,1259916,100.18431963155157,43.9526,45.769
precompressed,precompressed_full,10,1257598,1259916,100.18431963155157,42.2033,43.09
precompressed,precompressed_full,11,1257598,1259916,100.18431963155157,43.172,43.5503
precompressed,precompressed_full,12,1257598,1259916,100.18431963155157,43.7195,43.4076
precompressed,precompressed_full,13,1257598,1259916,100.18431963155157,43.2402,43.0669
precompressed,precompressed_full,14,1257598,1259916,100.18431963155157,43.6853,42.7194
precompressed,precompressed_full,15,1257598,1259916,100.18431963155157,42.6282,43.5725
precompressed,precompressed_full,16,1257598,1259916,100.18431963155157,42.7588,43.4336
precompressed,precompressed_full,17,1257598,1259916,100.18431963155157,43.4086,44.8905
precompressed,precompressed_full,18,1257598,1259916,100.18431963155157,42.8311,44.3591
precompressed,precompressed_full,19,1257598,1259916,100.18431963155157,42.9217,43.6468
precompressed,precompressed_full,20,1257598,1259916,100.18431963155157,44.2249,43.9291
precompressed,precompressed_full,21,1257598,1259916,100.18431963155157,43.9887,43.3273
precompressed,precompressed_full,22,1257598,1259916,100.18431963155157,43.4721,42.2806
precompressed,precompressed_full,23,1257598,1259916,100.18431963155157,42.9047,44.1887
precompressed,precompressed_full,24,1257598,1259916,100.18431963155157,43.0513,44.6396
precompressed,precompressed_full,25,1257598,1259916,100.18431963155157,44.0339,43.3814
precompressed,precompressed_full,26,1257598,1259916,100.18431963155157,43.2431,44.0211
precompressed,precompressed_full,27,1257598,1259916,100.18431963155157,43.8721,46.6788
precompressed,precompressed_full,28,1257598,1259916,100.18431963155157,42.5986,42.474
precompressed,precompressed_full,29,1257598,1259916,100.18431963155157,44.1932,44.8192
precompressed,precompressed_full,30,1257598,1259916,100.18431963155157,43.811,42.9749
precompressed,precompressed_text_1kb,1,784,2931,373.8520408163265,22.3683,22.5578
precompressed,precompressed_text_1kb,2,784,2931,373.8520408163265,22.9086,22.7448
precompressed,precompressed_text_1kb,3,784,2931,373.8520408163265,23.0964,23.9763
precompressed,precompressed_text_1kb,4,784,2931,373.8520408163265,22.7604,23.6296
precompressed,precompressed_text_1kb,5,784,2931,373.8520408163265,22.6735,22.1716
precompressed,precompressed_text_1kb,6,784,2931,373.8520408163265,23.1563,24.1899
precompressed,precompressed_text_1kb,7,784,2931,373.8520408163265,22.7171,23.3565
precompressed,precompressed_text_1kb,8,784,2931,373.8520408163265,22.1616,22.0161
precompressed,precompressed_text_1kb,9,784,2931,373.8520408163265,24.0121,23.5411
precompressed,precompressed_text_1kb,10,784,2931,373.8520408163265,22.8061,23.0098
precompressed,precompressed_text_1kb,11,784,2931,373.8520408163265,23.8288,23.8067
precompressed,precompressed_text_1kb,12,784,2931,373.8520408163265,22.2119,22.2871
precompressed,precompressed_text_1kb,13,784,2931,373.8520408163265,23.4037,24.089
precompressed,precompressed_text_1kb,14,784,2931,373.8520408163265,22.6207,24.1597
precompressed,precompressed_text_1kb,15,784,2931,373.8520408163265,22.3568,25.0321
precompressed,precompressed_text_1kb,16,784,2931,373.8520408163265,22.5229,22.4001
precompressed,precompressed_text_1kb,17,784,2931,373.8520408163265,23.7262,23.0937
precompressed,precompressed_text_1kb,18,784,2931,373.8520408163265,23.6522,23.0647
precompressed,precompressed_text_1kb,19,784,2931,373.8520408163265,23.1534,23.9629
precompressed,precompressed_text_1kb,20,784,2931,373.8520408163265,23.5926,22.7729
precompressed,precompressed_text_1kb,21,784,2931,373.8520408163265,22.8586,22.8865
precompressed,precompressed_text_1kb,22,784,2931,373.8520408163265,23.3273,23.3214
precompressed,precompressed_text_1kb,23,784,2931,373.8520408163265,23.0206,22.7419
precompressed,precompressed_text_1kb,24,784,2931,373.8520408163265,23.7492,24.1751
precompressed,precompressed_text_1kb,25,784,2931,373.8520408163265,23.6749,23.2155
precompressed,precompressed_text_1kb,26,784,2931,373.8520408163265,24.1195,23.0519
precompressed,precompressed_text_1kb,27,784,2931,373.8520408163265,24.3995,24.6864
precompressed,precompressed_text_1kb,28,784,2931,373.8520408163265,22.756,23.2076
precompressed,precompressed_text_1kb,29,784,2931,373.8520408163265,23.0327,23.2119
precompressed,precompressed_text_1kb,30,784,2931,373.8520408163265,24.0195,23.0974
precompressed,precompressed_text_100kb,1,43960,46278,105.2729754322111,24.5977,23.8521
precompressed,precompressed_text_100kb,2,43960,46278,105.2729754322111,24.409,22.8284
precompressed,precompressed_text_100kb,3,43960,46278,105.2729754322111,23.7857,23.2065
precompressed,precompressed_text_100kb,4,43960,46278,105.2729754322111,24.3668,23.9717
precompressed,precompressed_text_100kb,5,43960,46278,105.2729754322111,23.476,23.1032
precompressed,precompressed_text_100kb,6,43960,46278,105.2729754322111,25.2562,23.589
precompressed,precompressed_text_100kb,7,43960,46278,105.2729754322111,25.8956,22.8807
precompressed,precompressed_text_100kb,8,43960,46278,105.2729754322111,23.4424,24.6708
precompressed,precompressed_text_100kb,9,43960,46278,105.2729754322111,25.0211,24.5875
precompressed,precompressed_text_100kb,10,43960,46278,105.2729754322111,25.0654,25.6817
precompressed,precompressed_text_100kb,11,43960,46278,105.2729754322111,25.4779,26.6129
precompressed,precompressed_text_100kb,12,43960,46278,105.2729754322111,24.4839,24.7651
precompressed,precompressed_text_100kb,13,43960,46278,105.2729754322111,23.4717,24.7737
precompressed,precompressed_text_100kb,14,43960,46278,105.2729754322111,23.6494,23.8469
precompressed,precompressed_text_100kb,15,43960,46278,105.2729754322111,25.0512,26.978
precompressed,precompressed_text_100kb,16,43960,46278,105.2729754322111,24.6899,24.3045
precompressed,precompressed_text_100kb,17,43960,46278,105.2729754322111,24.3847,26.065
precompressed,precompressed_text_100kb,18,43960,46278,105.2729754322111,24.0809,24.2312
precompressed,precompressed_text_100kb,19,43960,46278,105.2729754322111,25.7973,25.957
precompressed,precompressed_text_100kb,20,43960,46278,105.2729754322111,24.2394,23.347
precompressed,precompressed_text_100kb,21,43960,46278,105.2729754322111,25.0497,23.7281
precompressed,precompressed_text_100kb,22,43960,46278,105.2729754322111,22.5865,23.8868
precompressed,precompressed_text_100kb,23,43960,46278,105.2729754322111,24.9149,22.6131
precompressed,precompressed_text_100kb,24,43960,46278,105.2729754322111,23.6363,23.2943
precompressed,precompressed_text_100kb,25,43960,46278,105.2729754322111,25.0268,23.9836
precompressed,precompressed_text_100kb,26,43960,46278,105.2729754322111,24.3894,23.4484
precompressed,precompressed_text_100kb,27,43960,46278,105.2729754322111,24.5532,24.0136
precompressed,precompressed_text_100kb,28,43960,46278,105.2729754322111,24.5584,23.0963
precompressed,precompressed_text_100kb,29,43960,46278,105.2729754322111,25.2111,22.9782
precompressed,precompressed_text_100kb,30,43960,46278,105.2729754322111,24.4883,23.5385
precompressed,precompressed_text_1mb,1,427114,429432,100.54271225012526,30.5482,31.1663
precompressed,precompressed_text_1mb,2,427114,429432,100.54271225012526,29.222,30.1398
precompressed,precompressed_text_1mb,3,427114,429432,100.54271225012526,30.1396,29.5698
precompressed,precompressed_text_1mb,4,427114,429432,100.54271225012526,30.7425,30.6842
precompressed,precompressed_text_1mb,5,427114,429432,100.54271225012526,30.378,29.0832
precompressed,precompressed_text_1mb,6,427114,429432,100.54271225012526,29.5063,30.5295
precompressed,precompressed_text_1mb,7,427114,429432,100.54271225012526,29.1603,30.178
precompressed,precompressed_text_1mb,8,427114,429432,100.54271225012526,30.9138,31.0062
precompressed,precompressed_text_1mb,9,427114,429432,100.54271225012526,28.8622,32.5215
precompressed,precompressed_text_1mb,10,427114,429432,100.54271225012526,30.053,30.6229
precompressed,precompressed_text_1mb,11,427114,429432,100.54271225012526,31.9889,31.2265
precompressed,precompressed_text_1mb,12,427114,429432,100.54271225012526,31.6663,31.8326
precompressed,precompressed_text_1mb,13,427114,429432,100.54271225012526,30.6528,29.4788
precompressed,precompressed_text_1mb,14,427114,429432,100.54271225012526,31.0787,29.5934
precompressed,precompressed_text_1mb,15,427114,429432,100.54271225012526,30.1022,31.0871
precompressed,precompressed_text_1mb,16,427114,429432,100.54271225012526,29.1437,29.876
precompressed,precompressed_text_1mb,17,427114,429432,100.54271225012526,29.3125,31.3515
precompressed,precompressed_text_1mb,18,427114,429432,100.54271225012526,29.8715,30.6721
precompressed,precompressed_text_1mb,19,427114,429432,100.54271225012526,30.9865,30.298
precompressed,precompressed_text_1mb,20,427114,429432,100.54271225012526,29.2078,30.5441
precompressed,precompressed_text_1mb,21,427114,429432,100.54271225012526,30.3861,29.3037
precompressed,precompressed_text_1mb,22,427114,429432,100.54271225012526,30.012,31.0312
precompressed,precompressed_text_1mb,23,427114,429432,100.54271225012526,29.5026,29.5388
precompressed,precompressed_text_1mb,24,427114,429432,100.54271225012526,30.0694,31.719
precompressed,precompressed_text_1mb,25,427114,429432,100.54271225012526,29.4988,31.5108
precompressed,precompressed_text_1mb,26,427114,429432,100.54271225012526,29.7194,29.6336
precompressed,precompressed_text_1mb,27,427114,429432,100.54271225012526,29.8712,29.6779
precompressed,precompressed_text_1mb,28,427114,429432,100.54271225012526,29.814,32.5714
precompressed,precompressed_text_1mb,29,427114,429432,100.54271225012526,30.9139,30.4145
precompressed,precompressed_text_1mb,30,427114,429432,100.54271225012526,30.298,30.7316
